{
  "timestamp_utc": "2025-12-09T12:21:24.130369Z",
  "timestamp_unix": 1765282884.1303687,
  "center_frequency_hz": 1625500000.0,
  "center_frequency_mhz": 1625.5,
  "sample_rate_hz": 2400000.0,
  "sample_rate_mhz": 2.4,
  "num_samples": 4800000,
  "duration_seconds": 2.0,
  "avg_power_db": -40.20788383753089,
  "num_bursts_detected": 4,
  "max_burst_snr_db": 34.03188848926867,
  "bursts": [
    {
      "time_start_s": 1.48416,
      "time_end_s": 1.5044266666666666,
      "duration_ms": 20.266666666666655,
      "freq_center_hz": 935156.25,
      "freq_span_hz": 32812.5,
      "snr_db": 34.03188848926867,
      "peak_power_db": -30.02061587282718
    },
    {
      "time_start_s": 1.3941333333333332,
      "time_end_s": 1.4145066666666666,
      "duration_ms": 20.373333333333356,
      "freq_center_hz": 937500.0,
      "freq_span_hz": 37500.0,
      "snr_db": 33.814730334191545,
      "peak_power_db": -30.28484515042124
    },
    {
      "time_start_s": 0.3141333333333333,
      "time_end_s": 0.3345066666666667,
      "duration_ms": 20.373333333333356,
      "freq_center_hz": 602343.75,
      "freq_span_hz": 32812.5,
      "snr_db": 32.20051621885487,
      "peak_power_db": -31.575148433472027
    },
    {
      "time_start_s": 1.3041066666666667,
      "time_end_s": 1.32448,
      "duration_ms": 20.373333333333356,
      "freq_center_hz": 937500.0,
      "freq_span_hz": 37500.0,
      "snr_db": 31.895241195021516,
      "peak_power_db": -30.18134346731058
    }
  ],
  "files": {
    "npy": "burst_1625_50MHz_20251209_122124.npy",
    "iq": "burst_1625_50MHz_20251209_122124.iq",
    "json": "burst_1625_50MHz_20251209_122124.json"
  }
}